Campaign_Goal,Channel_Used,Target_Audience,Language,Location,Customer_Segment,Season,Duration_Days,Acquisition_Cost_Num,pred_ROI,pred_Conversion_Rate,pred_CTR,pred_Engagement_Score,score
Increase Sales,Instagram,Men 18-24,English,New York,Home,Winter,43,8625.525436744836,4.341482455449171,0.0799651675131202,0.33016586541760384,5.511828500467921,0.3644392318730124
Increase Sales,Twitter,Women 45-60,English,New York,Home,Winter,15,8627.139562859731,4.341044732543751,0.08021819433073678,0.3301636614344503,5.476934692641031,0.3642447691592079
Increase Sales,Twitter,Women 35-44,English,New York,Home,Winter,23,8626.436729015935,4.331623180290388,0.08014718163152332,0.3301643497604969,5.478779972598032,0.36217705440156406
Increase Sales,Instagram,Men 25-34,English,Miami,Fashion,Winter,21,8626.99336977028,4.327508745171443,0.07878637056821382,0.33016742440274643,5.505014305829853,0.3543076477264871
Increase Sales,Twitter,Men 45-60,Spanish,New York,Home,Winter,36,8679.580449147841,4.268181294950275,0.08056116088625334,0.3301653217966803,5.432785229162291,0.35094889163679194
Increase Sales,Twitter,Men 18-24,French,Miami,Fashion,Winter,36,8615.706705238877,4.246333060297628,0.08059908250705577,0.3301644844973579,5.460910687829375,0.3485217452198554
Increase Sales,Instagram,Women 35-44,French,New York,Health,Winter,16,8627.298332912625,4.223248541016463,0.07955219794094943,0.33016790954623326,5.4970266523395175,0.33959111982789975
Increase Sales,Instagram,Women 25-34,French,Las Vegas,Fashion,Winter,35,8622.123092894728,4.161066365512666,0.07960743922519095,0.3301698380297826,5.496912342621432,0.3285714342167428
Increase Sales,Instagram,Women 25-34,Spanish,Las Vegas,Food,Winter,26,6690.060362672849,4.206166057087518,0.07994103754095594,0.3279989237185929,5.54237883774146,0.3278189013066994
Increase Sales,Instagram,Women 25-34,Spanish,New York,Food,Winter,39,8616.795887139826,4.14102543497548,0.08015957195510463,0.33016652994157747,5.484336515539095,0.32769147482623107
Increase Sales,Instagram,Women 25-34,English,Las Vegas,Fashion,Winter,40,8621.958279913464,4.132868920724027,0.07979905350949172,0.3301698380297826,5.51707297062439,0.3255568190143208
Increase Sales,Instagram,Men 25-34,French,Los Angeles,Fashion,Winter,29,8617.08875643951,4.116108419527053,0.08046669086924975,0.3301659512502641,5.469973575271375,0.3243422638855606
Increase Sales,Instagram,Women 25-34,Spanish,Austin,Food,Winter,16,8623.502311263695,4.118602780441322,0.08001998881081501,0.33016652994157747,5.515762338745647,0.32422781102066084
Increase Sales,Instagram,Men 45-60,Spanish,New York,Home,Winter,41,8621.776600763367,4.119794402319959,0.07998199510897004,0.3301675920308486,5.515696331867344,0.3242148718562041
Increase Sales,Instagram,Men 35-44,Spanish,Las Vegas,Food,Winter,29,7497.463009643428,4.002791791184899,0.08445748653614427,0.3290177371619732,5.523056040915448,0.32375249728167377
Increase Sales,Twitter,Men 45-60,French,New York,Home,Winter,33,8620.098650144797,4.114239977733161,0.08057744243364214,0.3301653217966803,5.44926151467526,0.32369394263211404
Increase Sales,Twitter,Men 45-60,Spanish,New York,Food,Winter,29,8616.649444542523,4.1065165465914095,0.08074066631915468,0.33016531624489964,5.434628526425542,0.32259165667479195
Increase Sales,Twitter,Women 45-60,Spanish,Las Vegas,Technology,Winter,17,8614.06543057684,4.11752699742678,0.08022204149324999,0.3301664141940143,5.456447579035404,0.32245363215665457
Increase Sales,Twitter,All Ages,Spanish,Las Vegas,Health,Winter,44,8618.475143274685,4.109976915720551,0.08019882101197934,0.3301655599580044,5.473444554074882,0.32173385495632034
Increase Sales,Twitter,Men 18-24,Spanish,New York,Health,Winter,20,7378.796456525092,4.028384451160244,0.08432141311354661,0.3287405697199356,5.4247801018006205,0.32122996548911753
Increase Sales,Twitter,Men 25-34,French,Las Vegas,Home,Winter,20,8697.147919703737,4.110059258110832,0.08035241858251665,0.3301675784946415,5.432536385683563,0.3207614560684256
Increase Sales,Instagram,Men 45-60,Spanish,Las Vegas,Food,Winter,36,8618.600622478198,4.096025522029752,0.07984267758687559,0.3301708945672731,5.549786910953142,0.32065363609263553
Increase Sales,Instagram,Women 18-24,French,Las Vegas,Home,Winter,20,8613.807377575169,4.121550730947994,0.07960146260501234,0.33016984872880983,5.4775895457954205,0.32039236704144386
Increase Sales,Instagram,Men 18-24,Spanish,Miami,Food,Winter,31,6691.225789377103,4.167903523826191,0.08016131078009506,0.32798964013177256,5.502541436986674,0.3202303446243014
Increase Sales,Twitter,All Ages,English,New York,Food,Winter,35,8621.648306419966,4.0965387359917305,0.08026029047704313,0.3301642648546557,5.480623269861283,0.31998981503869756
Increase Sales,Twitter,Women 45-60,English,Los Angeles,Technology,Winter,25,8613.35133988651,4.089632691971497,0.08067614314589934,0.3301631061058092,5.44859598782215,0.31975891072093465
Increase Sales,Instagram,Women 25-34,English,Los Angeles,Fashion,Winter,45,7497.511071018592,3.9721058870957195,0.08466306859280402,0.3290113197983066,5.516009966368072,0.3190357445995988
Increase Sales,Instagram,Women 35-44,Spanish,New York,Health,Winter,17,7379.583881013552,4.03844670339084,0.08320705668404013,0.32874320214001035,5.465945808270134,0.3181779664250593
Increase Sales,Instagram,Men 35-44,Spanish,Miami,Technology,Winter,38,7396.950323169334,3.987180444199791,0.08460782848948022,0.3287409053537035,5.478186456124089,0.31800553725392794
Increase Sales,Instagram,Men 25-34,English,Los Angeles,Health,Winter,17,8613.692237452951,4.0879109747384135,0.08012600380253747,0.3301672463536128,5.4876683585352275,0.3179386842145145
Increase Sales,Twitter,Women 18-24,French,Los Angeles,Technology,Winter,37,7377.090902224116,4.004039452079778,0.08443677180381512,0.3287350285167722,5.425571471321797,0.3174945720821288
Increase Sales,Instagram,Men 18-24,Spanish,New York,Home,Winter,44,8967.828038325559,4.060425407702383,0.08034790473750804,0.3303622569757154,5.5127559072138705,0.316662221945866
Increase Sales,Twitter,Men 18-24,English,Miami,Food,Winter,23,7400.241579514958,3.9652160126463634,0.08487283120153986,0.32873960931405266,5.499257474490247,0.3166178302263867
Increase Sales,Twitter,Men 25-34,Spanish,New York,Home,Winter,15,7375.955725666037,4.027490585912279,0.08322235799954403,0.3287393952231311,5.47013446230198,0.3164456483722983
Increase Sales,Instagram,Women 25-34,French,New York,Technology,Winter,36,7376.377241239209,4.029493808918316,0.08288076976810502,0.3287407181420374,5.505159692976995,0.31638152625403293
Increase Sales,Twitter,All Ages,French,Miami,Home,Winter,22,7375.65980758309,4.006571287913191,0.08391692819254508,0.3287402845370535,5.452586781632797,0.3160717297009225
Increase Sales,Twitter,Men 45-60,French,Austin,Technology,Winter,39,7380.353390298942,3.987214705974023,0.0845364923395186,0.3287403003145351,5.444177909341758,0.31595077332390475
Increase Sales,Instagram,Men 18-24,Spanish,New York,Food,Winter,39,8976.972452179154,4.05429065933764,0.08028469925646685,0.3303622569757154,5.514829093746959,0.3152500575517439
Increase Sales,Twitter,Men 45-60,English,Miami,Food,Winter,24,8614.558807882344,4.056203769385619,0.08060108317486506,0.33016620555882203,5.488742169614304,0.3151146406027945
Increase Sales,Instagram,Women 25-34,Spanish,Las Vegas,Food,Winter,25,8431.175249308799,4.06728616728205,0.08001998881081501,0.3299712591312537,5.539611449452591,0.31479350894865454
Increase Sales,Instagram,Men 18-24,Spanish,New York,Food,Winter,26,8348.330530320854,4.078399198805555,0.08028469925646685,0.32990093100207285,5.4713640090071465,0.31478104165278004
Increase Sales,Instagram,Men 18-24,Spanish,New York,Food,Winter,25,8336.53934052083,4.078399198805555,0.08028469925646685,0.32990093100207285,5.4713640090071465,0.31478104165278004
Increase Sales,Instagram,Men 18-24,Spanish,New York,Food,Winter,16,8303.180654064628,4.078399198805555,0.08028469925646685,0.32990093100207285,5.4713640090071465,0.31478104165278004
Increase Sales,Instagram,Men 18-24,Spanish,New York,Food,Winter,19,8331.180734482577,4.078399198805555,0.08028469925646685,0.32990093100207285,5.4713640090071465,0.31478104165278004
Increase Sales,Instagram,Women 25-34,Spanish,Las Vegas,Food,Winter,41,8482.972964222634,4.06728616728205,0.08001998881081501,0.32997736364985625,5.5344381347125875,0.31458456551642555
Increase Sales,Instagram,Women 25-34,Spanish,Las Vegas,Fashion,Winter,44,8284.133464556497,4.0686323930381,0.08001998881081501,0.3299049036142516,5.537836069008744,0.31455121651263057
Increase Sales,Instagram,Men 25-34,French,New York,Home,Winter,45,8731.820354741305,4.070359240590852,0.08000072887377241,0.3301665406406047,5.494435624965733,0.31427619404687057
Increase Sales,Instagram,Women 35-44,French,Miami,Food,Winter,38,6463.02266546326,4.021546792782504,0.08365988594946483,0.32774870355388536,5.510637805835664,0.31395118075296824
Increase Sales,Instagram,Men 45-60,French,Los Angeles,Home,Winter,40,6690.097860350869,4.130845530200361,0.0800622049922798,0.32798707508317837,5.5239344718650765,0.31384797032125694
Increase Sales,Instagram,Men 18-24,Spanish,Austin,Home,Winter,30,8577.586723565837,4.062272246586342,0.08038782702611975,0.3299733910376775,5.490516757447295,0.31382075575674945
Increase Sales,Twitter,Men 18-24,Spanish,New York,Fashion,Winter,18,8731.13792886502,4.06131108410336,0.08078904008924424,0.3301635951834355,5.4168393987717485,0.31376981498107004
Increase Sales,Twitter,Men 18-24,French,Miami,Home,Winter,24,7385.985574886968,4.0125140101330015,0.08322854490768199,0.32873960931405266,5.468851390858247,0.31368645110489224
Increase Sales,Twitter,Men 18-24,French,New York,Technology,Winter,26,8349.824902325527,4.055851998575064,0.08088591011419037,0.3298982690228593,5.452323618814187,0.31344173682031773
Increase Sales,Twitter,Men 45-60,French,New York,Technology,Winter,24,7383.135286885053,4.005581637778636,0.08356246212886106,0.3287403003145351,5.442801832380175,0.313241553248629
Increase Sales,Twitter,Men 18-24,French,New York,Health,Winter,26,8961.469184202517,4.028581060641288,0.08072244990525837,0.3303606674898575,5.51319958384092,0.3131603958027679
Increase Sales,Instagram,Men 18-24,Spanish,Las Vegas,Fashion,Winter,42,8887.743246383236,4.033214230559533,0.08020858721541359,0.33035115601788606,5.56264712939218,0.3131357503588761
Increase Sales,Instagram,Women 25-34,Spanish,Las Vegas,Home,Winter,39,8216.163594017806,4.066879751830257,0.0799338423989811,0.3296938035813914,5.545653520569746,0.3127869966737008
Increase Sales,Instagram,Men 18-24,Spanish,Miami,Home,Winter,29,8611.593278994906,4.046306310401373,0.08048297296389666,0.33016675473152624,5.49026836222027,0.3126537370572217
Increase Sales,Instagram,Men 18-24,Spanish,Las Vegas,Technology,Winter,19,8532.815645955963,4.060766822467455,0.08020341435426602,0.32997614934902214,5.493830461336575,0.312583827218349
Increase Sales,Twitter,Men 35-44,French,Los Angeles,Food,Winter,28,7372.640468268782,4.00698543906248,0.08350093301140761,0.32873768124617997,5.431291423709571,0.31255556054489736
Increase Sales,Twitter,Men 18-24,French,New York,Fashion,Winter,18,8302.743354088288,4.047946446078928,0.0807694961404022,0.3298988187997198,5.467475313896664,0.31200357518039873
Increase Sales,Twitter,Men 18-24,Spanish,New York,Health,Winter,15,8980.129982913317,4.032865629121518,0.08070431378480696,0.3303606674898575,5.470504371744877,0.31180076329634526
Increase Sales,Twitter,Men 18-24,Spanish,New York,Health,Winter,28,8976.15219307522,4.032865629121518,0.08070431378480696,0.3303606674898575,5.470504371744877,0.31180076329634526
Increase Sales,Twitter,Men 18-24,French,Miami,Technology,Winter,20,8581.408785469474,4.051632968036582,0.08071549648084395,0.32997146034057107,5.445758992746899,0.31175384088208474
Increase Sales,Instagram,Women 25-34,Spanish,Las Vegas,Food,Winter,21,8824.061852747534,4.038228151255242,0.08001998881081501,0.3303518205418597,5.538455976271194,0.3117435178242537
Increase Sales,Twitter,Men 18-24,French,Miami,Technology,Winter,24,8448.45709419101,4.046683491477689,0.08084147290767765,0.32996551385378375,5.448498428325359,0.3117193932135126
Increase Sales,Instagram,Men 25-34,Spanish,New York,Home,Winter,21,8982.182212136682,4.036382417962151,0.07985557802869386,0.33036293219871626,5.557353417658233,0.31135980600033747
Increase Sales,Instagram,Men 18-24,Spanish,Austin,Home,Winter,30,8276.82251871133,4.055570128819605,0.08038782702611975,0.32968982541743197,5.498457460476167,0.31124732868617205
Increase Sales,Instagram,Women 25-34,English,Miami,Home,Winter,30,7378.2648525334525,3.974708520956166,0.08332531759606968,0.32874216278460094,5.549417149357991,0.31122035287585403
Increase Sales,Twitter,Men 18-24,Spanish,Las Vegas,Technology,Winter,16,8386.914505632401,4.045035033917186,0.0807658709187428,0.32990157711106444,5.459730025891637,0.31109739577524526
Increase Sales,Twitter,Men 18-24,Spanish,New York,Fashion,Winter,39,8318.956434963255,4.052231014559159,0.08078904008924424,0.3298988187997198,5.4247801018006205,0.3108760920853607
Increase Sales,Instagram,Men 18-24,Spanish,Miami,Fashion,Winter,43,7966.569630111618,4.070984577000977,0.08003834693065041,0.3295165902467655,5.497998668253959,0.3108354531670157
Increase Sales,Instagram,Men 25-34,French,New York,Health,Winter,30,8908.073665306452,4.0220932915005525,0.08025916449836362,0.33035144839765496,5.548100597938861,0.31072433430164786
Increase Sales,Twitter,Men 18-24,Spanish,Austin,Technology,Winter,45,8902.40998613727,4.020926494449269,0.0807658709187428,0.3303450279186521,5.486778499868953,0.3106766412411418
Increase Sales,Instagram,Men 18-24,Spanish,Miami,Home,Winter,27,8328.340955280259,4.041356833842479,0.08048297296389666,0.32990182031599524,5.498209065249142,0.31051408674966835
Increase Sales,Instagram,Women 18-24,French,New York,Health,Winter,19,7386.369780470378,4.031304985375656,0.08187414705121031,0.3287431227859498,5.50098859123346,0.31032693506361064
Increase Sales,Instagram,Men 18-24,Spanish,Los Angeles,Health,Winter,21,8930.183493205108,4.027771919138592,0.08025839812516415,0.33036521295227433,5.515667362030192,0.31029850284170524
Increase Sales,Instagram,Women 45-60,Spanish,New York,Fashion,Winter,36,7392.519535977928,4.0395689879647065,0.08189028191636642,0.328739934853723,5.466566373052239,0.3102800057819972
Increase Sales,Instagram,Women 25-34,French,Las Vegas,Fashion,Winter,23,8963.870075205892,4.03918627153107,0.07960743922519095,0.33036172238691786,5.55057731559456,0.3100138116125353
Increase Sales,Twitter,Men 18-24,Spanish,Las Vegas,Home,Winter,26,8526.734289828433,4.037759575098715,0.08064945694495462,0.3299744288917143,5.469640489414705,0.3099651858818079
Increase Sales,Twitter,Men 18-24,Spanish,Austin,Home,Winter,37,8554.352798620026,4.042709051657608,0.08064945694495462,0.32997112080350915,5.450964693447765,0.3099613328808358
Increase Sales,Twitter,Men 18-24,Spanish,Las Vegas,Home,Winter,39,8356.129415378353,4.037759575098715,0.08064945694495462,0.3299021268879249,5.477581192443577,0.3099028273437873
Increase Sales,Twitter,Men 18-24,Spanish,Las Vegas,Home,Winter,15,8368.523699978261,4.037759575098715,0.08064945694495462,0.3299021268879249,5.477581192443577,0.3099028273437873
Increase Sales,Instagram,Women 25-34,Spanish,Las Vegas,Health,Winter,24,8755.814215294738,4.039574377011292,0.07993526250637772,0.33016782504492614,5.527429521240766,0.3098230473082196
Increase Sales,Instagram,Women 25-34,Spanish,Las Vegas,Health,Winter,37,8757.255722676451,4.039574377011292,0.07993526250637772,0.33016782504492614,5.527429521240766,0.3098230473082196
Increase Sales,Twitter,Men 18-24,Spanish,New York,Technology,Winter,44,8756.336949030869,4.039293426253882,0.08090545406303241,0.33016304540657504,5.401687703689272,0.3097382879954744
Increase Sales,Twitter,Men 18-24,Spanish,Las Vegas,Fashion,Winter,26,8948.857025090592,4.00975554328663,0.08064945694495462,0.3303587913875669,5.520605990918369,0.3096104630117623
Increase Sales,Twitter,Men 18-24,English,New York,Technology,Winter,28,8572.820328793807,4.032604030345316,0.08074365213996787,0.3299705710266487,5.4702462306846,0.3096084752035401
Increase Sales,Twitter,Men 18-24,French,Miami,Health,Winter,17,8276.106207857767,4.040198748040457,0.08080398912557936,0.32968989763234996,5.468851390858247,0.309593618473541
Increase Sales,Instagram,Men 25-34,French,New York,Technology,Winter,27,8962.394291026465,4.022271945274056,0.08017506144552618,0.33036237687007514,5.5329489028563845,0.3095845601928039
Increase Sales,Twitter,Men 18-24,English,New York,Technology,Winter,45,8448.958054721894,4.027654553786422,0.08086962856680158,0.32996462453986136,5.47298566626306,0.309574027534968
Increase Sales,Instagram,Men 35-44,Spanish,New York,Home,Winter,23,8936.13194816747,4.038331961228857,0.07977400617482197,0.33036222494921336,5.521953374514498,0.3095252574140347
Increase Sales,Twitter,Men 18-24,French,Austin,Health,Winter,24,8382.448935996912,4.034322668304592,0.08070884318780246,0.32990011390306845,5.468851390858247,0.3092129320279231
Increase Sales,Twitter,Men 18-24,French,Austin,Home,Winter,16,8914.253761116395,4.014154989759262,0.08050393656927887,0.33035076763250365,5.514575660802503,0.30918236765946455
Increase Sales,Instagram,Women 25-34,Spanish,Los Angeles,Home,Winter,42,7979.678392823406,4.050165502674787,0.08035988210584673,0.3295125596308796,5.501139597946865,0.3091358006757514
Increase Sales,Twitter,Men 18-24,Spanish,Los Angeles,Home,Winter,27,8555.491104807541,4.039900384271767,0.08078399415914247,0.3299705369649492,5.425126566791824,0.30904411507870777
Increase Sales,Twitter,Men 18-24,Spanish,Las Vegas,Technology,Winter,16,8801.25450777994,4.020926494449269,0.0807658709187428,0.33034833600685726,5.451789322862765,0.3090322908999141
Increase Sales,Instagram,Women 25-34,French,New York,Home,Winter,18,8934.357618241873,4.024891983878402,0.0797467567472854,0.3303629270514697,5.566035658003727,0.30900200051298116
Increase Sales,Instagram,Men 18-24,Spanish,Miami,Food,Winter,23,8913.052327368661,4.013658489830291,0.08024026204995413,0.33035392342180336,5.546006521726487,0.30898151802576035
Increase Sales,Instagram,Women 25-34,English,Las Vegas,Home,Winter,24,8545.721548098845,4.040046842769237,0.07997829332019789,0.3299773692016369,5.5248904221853925,0.3088944128952468
Increase Sales,Instagram,Women 25-34,French,Las Vegas,Food,Winter,39,8925.899428802017,4.03918627153107,0.07938620248937513,0.33036172238691786,5.552860899122832,0.30875939083114284
Increase Sales,Instagram,Men 25-34,Spanish,Austin,Home,Winter,16,8938.914524723354,4.0139597634279935,0.07989550031730558,0.33036293219871626,5.582589708825253,0.3087076418856648
Increase Sales,Twitter,All Ages,English,New York,Food,Winter,25,3814.682046102468,3.986126253438288,0.08034455655924506,0.3204006794675659,6.903774363977199,0.30859607711592285
Increase Sales,Instagram,Women 18-24,Spanish,New York,Food,Winter,23,8917.578681450308,4.0278887837596855,0.07997435552421986,0.3303622345727179,5.5164195064817685,0.3085875102108436
Increase Sales,Instagram,Women 25-34,Spanish,New York,Health,Winter,15,8937.185492095334,4.020491566749932,0.08007484565066735,0.33036359848920843,5.530992875040401,0.3085560721174714
Increase Sales,Twitter,Men 45-60,French,New York,Technology,Winter,35,8550.95593656426,4.025427959930338,0.08105897615506856,0.3299722920881128,5.434109819592783,0.3085309011530897
Increase Sales,Instagram,Men 18-24,English,New York,Fashion,Winter,30,8345.785563484184,4.037639980236017,0.08009140956214908,0.32990093100207285,5.5195588065016095,0.3084324573185044
Increase Sales,Instagram,Men 18-24,English,New York,Fashion,Winter,29,8389.401394721986,4.037639980236017,0.08009140956214908,0.32990093100207285,5.5195588065016095,0.3084324573185044
Increase Sales,Instagram,Men 18-24,English,New York,Fashion,Winter,40,8311.555274701816,4.037639980236017,0.08009140956214908,0.32990093100207285,5.5195588065016095,0.3084324573185044
Increase Sales,Instagram,Men 25-34,French,Austin,Home,Winter,19,8922.096047265608,4.0147479770445775,0.08004065116238412,0.33036293219871626,5.549476674900444,0.3081707680165147
Increase Sales,Twitter,Men 18-24,Spanish,Las Vegas,Food,Winter,26,8984.814446162296,4.00840931753058,0.08042314585805514,0.3303587913875669,5.5228895744466415,0.3080787010850966
Increase Sales,Twitter,Men 18-24,Spanish,Miami,Technology,Winter,38,8908.180113989254,4.003264863361326,0.0808610168565197,0.33034751601300194,5.486778499868953,0.3080496026615402
Increase Sales,Instagram,Men 35-44,Spanish,Las Vegas,Home,Winter,33,8973.426388186603,4.0159093066947,0.07981392846343369,0.33036102583644217,5.572054993687991,0.30804867468461905
Increase Sales,Twitter,Women 45-60,Spanish,Austin,Technology,Winter,42,8441.09070570879,4.024704919471992,0.08025010343903372,0.3299639559986601,5.532536207943965,0.30804676397114383
Increase Sales,Twitter,Men 18-24,Spanish,Miami,Home,Winter,18,8905.539495788184,4.002473622054518,0.08074460288273153,0.330346467009435,5.504629666420893,0.3080305578309813
Increase Sales,Instagram,All Ages,Spanish,Las Vegas,Home,Winter,32,8379.210997067585,4.035870371008388,0.08002191739758176,0.32990491431327884,5.526330723743735,0.30802724007855314
Increase Sales,Twitter,Men 18-24,Spanish,New York,Fashion,Winter,33,8994.034026468376,4.028122475091242,0.08078904008924424,0.3303599905003381,5.397853162512298,0.3079955160012906
Increase Sales,Instagram,Men 18-24,English,New York,Food,Winter,18,8806.788201740335,4.012185215012053,0.07990196203207901,0.3303478479296809,5.574294109707772,0.30793662834871477
Increase Sales,Twitter,Men 18-24,Spanish,Los Angeles,Technology,Winter,25,8996.072236998185,4.022013319407596,0.08090040813293065,0.33036171971051714,5.402263675407851,0.30778530475881216
Increase Sales,Twitter,Men 18-24,English,New York,Fashion,Winter,25,8966.609400301135,3.995640461822373,0.0806272381661797,0.3303599905003381,5.539062898740204,0.3077787856811829
Increase Sales,Instagram,Women 18-24,English,Miami,Fashion,Winter,35,8398.89097939243,3.996544673338714,0.07961383707860695,0.32990248998721544,5.724008270344468,0.3077137097128825
Increase Sales,Instagram,Men 18-24,Spanish,Las Vegas,Home,Winter,29,7485.547775477618,4.028733052598261,0.08109278880813628,0.3290177747402559,5.517133256443107,0.30748266889936954
Increase Sales,Twitter,Men 25-34,French,Los Angeles,Technology,Winter,19,8578.14150017501,4.028247201680166,0.08089487226317045,0.32997065685930893,5.418267195295551,0.3072715668039567
Increase Sales,Instagram,Men 18-24,Spanish,Las Vegas,Food,Winter,17,7403.252464229606,4.027386826842211,0.0813196352265973,0.3287439114831294,5.521465628180639,0.3071732712574113
Increase Sales,Instagram,Women 35-44,Spanish,Los Angeles,Fashion,Winter,35,8927.786922085139,4.014351727398014,0.08010557089246385,0.3303652849880357,5.5197236195041075,0.3070972367083104
Increase Sales,Instagram,All Ages,French,New York,Health,Winter,36,8943.576266066993,4.0220932915005525,0.07964864133723103,0.330363603636455,5.546712861177716,0.3069708339899272
Increase Sales,Instagram,Women 25-34,French,New York,Food,Winter,42,8933.624296184553,4.02010346126971,0.07952578563366475,0.33036292149968904,5.5683192415319995,0.30687388440399327
Increase Sales,Instagram,Men 18-24,French,Austin,Health,Winter,21,8970.42022773236,4.019306231022587,0.07971316589841486,0.3303629339652348,5.54649852540449,0.3068446523599525
Increase Sales,Instagram,Women 18-24,Spanish,Los Angeles,Technology,Winter,37,8932.354903249321,4.004814096000646,0.08033961150166999,0.33036465585711466,5.518546435849049,0.3067359548897776
Increase Sales,Instagram,Women 25-34,French,Miami,Home,Winter,21,8948.707299173951,4.0100980502879535,0.07978667903589712,0.33036312429117437,5.567163339738286,0.3065986150117843
Increase Sales,Instagram,Men 18-24,French,Miami,Home,Winter,15,8993.489908577667,4.031723474574987,0.07990862145520805,0.3303624542154201,5.465991866379069,0.3064858839923592
Increase Sales,Instagram,Men 25-34,French,Los Angeles,Fashion,Winter,39,8981.631454773891,3.9942283255454556,0.08055066314527144,0.33036520563397515,5.523638548244503,0.30634686214632706
Increase Sales,Instagram,Men 25-34,French,Los Angeles,Technology,Winter,28,8947.496055162817,3.9944069793189594,0.08054549028412387,0.33036465585711466,5.522461364589445,0.30628830115951555
Increase Sales,Twitter,Men 18-24,English,New York,Food,Winter,40,8981.76935721578,3.9942942360663225,0.08040092707928022,0.3303599905003381,5.541346482268477,0.30624702375451707
Increase Sales,Twitter,Men 25-34,French,Los Angeles,Home,Winter,39,8995.95157894745,4.014662345966436,0.08086243056540397,0.33036294471037847,5.400458142691159,0.30612919669242483
Increase Sales,Instagram,Women 45-60,French,New York,Health,Winter,27,8926.169044319871,4.0220932915005525,0.07939127227375782,0.3303636743889936,5.56153549880308,0.30609073160097233
Increase Sales,Twitter,Men 45-60,French,Miami,Technology,Winter,29,8372.759256243393,4.016259452832963,0.08091939301077894,0.3299008793982458,5.443426599583239,0.30600351787467966
Increase Sales,Instagram,Men 25-34,French,New York,Technology,Winter,43,7487.077643871379,4.03148363914916,0.08100047683329666,0.32901458654641047,5.487224632912128,0.3059745062977374
Increase Sales,Twitter,Men 35-44,Spanish,Los Angeles,Technology,Winter,32,8933.81976876106,3.997745960005661,0.08071185954481926,0.3303644923342846,5.48141842077007,0.30597017925759434
Increase Sales,Instagram,Women 18-24,Spanish,Las Vegas,Fashion,Winter,20,7400.37194086061,4.016024048856683,0.08146697823116339,0.3287445811543496,5.518513272182733,0.3058676780237611
Increase Sales,Instagram,Women 25-34,Spanish,Los Angeles,Health,Winter,26,8936.426837703359,3.9914797434894824,0.08044527448926504,0.33036587747624796,5.536580571591013,0.3058149008235289
Increase Sales,Twitter,Men 18-24,Spanish,Los Angeles,Home,Winter,19,8752.766850313506,4.015630890853649,0.08078399415914247,0.3301630113448756,5.425126566791824,0.305779484952716
Increase Sales,Instagram,All Ages,Spanish,Las Vegas,Health,Winter,29,8973.077520956453,4.006812354981578,0.0797579512824383,0.330363603636455,5.561771697387883,0.3055674558279251
Increase Sales,Instagram,Men 25-34,French,Austin,Food,Winter,30,8947.118543620887,3.999670636966398,0.08004065116238412,0.3303629266469356,5.5517602584287165,0.30552336808227
Increase Sales,Instagram,Men 25-34,Spanish,New York,Home,Winter,33,7403.850778742146,4.030516771759073,0.08103009714311393,0.3287412786179251,5.511629147713977,0.30547757065888226
Increase Sales,Instagram,Men 35-44,Spanish,Los Angeles,Home,Winter,40,8971.963914388856,3.9953945312092434,0.080323940446321,0.3303645039362529,5.52754107106511,0.3053445577263619
Increase Sales,Twitter,Men 18-24,English,Austin,Home,Winter,40,8907.513651055076,3.985957544970622,0.08048765502189008,0.33034717647594003,5.543138447171252,0.30526473581553426
Increase Sales,Twitter,Men 18-24,English,Miami,Home,Winter,34,8889.941076658415,3.981971010104772,0.08058280095966698,0.330346467009435,5.543138447171252,0.30511791562880103
Increase Sales,Twitter,Men 18-24,French,Miami,Health,Winter,18,7489.986397596136,4.0133616718191085,0.08150895090759588,0.32901532229098446,5.468851390858247,0.30492515550992044
Increase Sales,Twitter,Men 45-60,English,New York,Technology,Winter,31,8370.152515949201,3.9972305151416987,0.08104269460767977,0.3298999900843234,5.475612331866401,0.3048105814283917
Increase Sales,Twitter,Women 18-24,French,Miami,Health,Winter,21,8978.251475003803,3.9982072557241937,0.08037085384854994,0.33036153440078236,5.497559741818534,0.3047034024538847
Increase Sales,Instagram,Women 35-44,French,Miami,Home,Winter,26,8983.919077902574,4.012087880518797,0.0795129244156761,0.3303632087924815,5.551819307047205,0.30454629332398964
Increase Sales,Twitter,Men 45-60,Spanish,Los Angeles,Fashion,Winter,37,8589.547246021171,3.9977605875463817,0.08102712288173068,0.3301647324063397,5.435673454243438,0.30452309683789236
Increase Sales,Instagram,Women 25-34,French,Los Angeles,Health,Winter,25,8936.9489101451,3.9910916380092583,0.08019638139976815,0.33036587747624796,5.54157360830937,0.30444803798762077
Increase Sales,Twitter,All Ages,Spanish,Los Angeles,Health,Winter,26,8961.682759561514,3.9891836466972803,0.08070883299486666,0.3303636161481172,5.4825956044251285,0.3044370870151463
Increase Sales,Twitter,Women 45-60,Spanish,Los Angeles,Home,Winter,37,8972.15883922961,3.9903512998495607,0.08064370144813286,0.33036073647587755,5.483449795937592,0.30427234982456586
Increase Sales,Instagram,Women 45-60,French,Los Angeles,Home,Winter,33,8954.825065162519,3.9990168481541466,0.07996952194367393,0.33036300295125487,5.537073449108722,0.3042674208208004
Increase Sales,Twitter,All Ages,French,Los Angeles,Fashion,Winter,35,8985.664595662334,3.9869222057085376,0.08080984084669274,0.3303629391585978,5.4717216151625925,0.3041246197275596
Increase Sales,Twitter,All Ages,French,Los Angeles,Fashion,Winter,21,8930.267609898105,3.9869222057085376,0.08080984084669274,0.3303629391585978,5.4717216151625925,0.3041246197275596
Increase Sales,Instagram,Men 18-24,Spanish,Las Vegas,Home,Winter,18,7771.2280433240985,4.037476447875744,0.08012244080357968,0.32917397464699477,5.517133256443107,0.3040533073776901
Increase Sales,Twitter,Women 18-24,Spanish,Los Angeles,Fashion,Winter,33,8982.506307598527,3.984440492667004,0.08078565409235859,0.3303629391585978,5.4825956044251285,0.3040392609107341
Increase Sales,Instagram,Men 35-44,Spanish,Austin,Home,Winter,28,3814.628643846344,3.971281395081081,0.0799531689799384,0.320401570765692,6.913763675837741,0.3039518399518153
Increase Sales,Twitter,Women 45-60,French,Los Angeles,Fashion,Winter,20,8928.240836428562,3.9869222057085376,0.08065998299552166,0.3303607309240969,5.486544252787956,0.30389302864079276
Increase Sales,Twitter,All Ages,French,Los Angeles,Technology,Winter,44,8864.42491823625,3.9948277582046763,0.08092625482048091,0.33034511375131237,5.423156485297455,0.30386809625911393
Increase Sales,Twitter,Men 45-60,Spanish,Los Angeles,Health,Winter,41,8485.196765393568,4.002503741576659,0.0809423965772934,0.329973553129762,5.435673454243438,0.30370437010015583
Increase Sales,Instagram,Women 25-34,English,Los Angeles,Home,Winter,44,8467.219481044587,3.991952209247424,0.08040433302706351,0.3299734772748718,5.544675531353837,0.30364553001024275
Increase Sales,Twitter,Men 45-60,Spanish,Los Angeles,Fashion,Winter,23,8427.502105858923,3.9977605875463817,0.08102712288173068,0.3299630840004682,5.440846768983442,0.3035417450134189
Increase Sales,Instagram,Women 25-34,Spanish,Las Vegas,Food,Winter,33,6145.259004491409,4.097805213408252,0.0800712736472603,0.3271392608527702,5.541042579862502,0.30351750357784424
Increase Sales,Twitter,Men 45-60,Spanish,Los Angeles,Home,Winter,37,8523.369269921859,3.9977605875463817,0.08102712288173068,0.329972263578194,5.438372925712902,0.30347993763309
Increase Sales,Twitter,Men 18-24,English,Los Angeles,Fashion,Winter,23,8988.938310513699,3.978360354976089,0.08062219223607793,0.3303622694873776,5.514600849045847,0.3034392286639685
Increase Sales,Twitter,Men 45-60,French,Los Angeles,Technology,Winter,40,8893.045284473108,3.9613922031278115,0.08142940499366626,0.3303461651415563,5.477287254298972,0.30343780568854184
Increase Sales,Twitter,Men 45-60,Spanish,Los Angeles,Home,Winter,36,8730.357064031174,3.987953985630739,0.08111109515775237,0.33016473795812035,5.438372925712902,0.30337635030521093
Increase Sales,Twitter,Men 35-44,French,Los Angeles,Fashion,Winter,30,8965.409411729448,3.9990380555716456,0.08031161310630422,0.3303650421111451,5.4717216151625925,0.303282472708144
Increase Sales,Twitter,Men 45-60,Spanish,Austin,Technology,Winter,24,8250.381022322312,4.006092072542854,0.08090311146339015,0.32968888449968253,5.454300588845775,0.3032715598114545
Increase Sales,Twitter,Men 45-60,French,Las Vegas,Technology,Winter,35,8555.27748974949,4.007061028125728,0.08091939301077894,0.32997560017631794,5.405915119924208,0.30299248632541914
Increase Sales,Twitter,Men 25-34,French,Los Angeles,Health,Winter,26,8760.90074788148,3.9960267871874984,0.08094136075709385,0.33016497611944445,5.419444378950609,0.30290723021327215
Increase Sales,Twitter,Men 45-60,English,Los Angeles,Technology,Winter,24,8324.297602789822,3.9799504082954145,0.08132915117025577,0.32989617870660565,5.465124793599461,0.30289470620211034
Increase Sales,Twitter,All Ages,French,Los Angeles,Health,Winter,27,8799.432959068112,3.991665359738814,0.08088877103838261,0.3303469586315215,5.418056642189464,0.3028277216038472
Increase Sales,Instagram,Women 18-24,French,New York,Home,Winter,41,7491.941810237616,4.031304985375656,0.0803869557041711,0.3290151418750516,5.50098859123346,0.3028200578073459
Increase Sales,Instagram,Women 18-24,English,New York,Health,Winter,43,8944.884179579381,3.9938958467119137,0.07966869391845928,0.330363603636455,5.564407644441569,0.3027819118429976
Increase Sales,Instagram,Women 45-60,French,Miami,Fashion,Winter,45,8929.838392957958,4.007299357910105,0.07928027015008045,0.3303631946391789,5.562663180537639,0.3027533698611123
Increase Sales,Twitter,Men 45-60,French,New York,Technology,Winter,27,8810.151903459373,3.9786723099740957,0.08105897615506856,0.33034674898011623,5.440386846355833,0.30256236095367794
Increase Sales,Instagram,Men 18-24,English,Miami,Health,Winter,32,8958.86562333844,3.9871222513680995,0.07983626962436537,0.3303631312049395,5.563944913441318,0.30255131721427825
Increase Sales,Twitter,Women 18-24,French,New York,Home,Winter,31,7543.543737213278,4.017309498774093,0.08114076025991067,0.3290132584802576,5.4512107046712135,0.30252657883614326
Increase Sales,Twitter,Women 18-24,English,Los Angeles,Technology,Winter,36,8960.52839820924,3.9666303134160366,0.08090206806614676,0.33036238938173734,5.50410624075228,0.302520903894934
Increase Sales,Instagram,Women 45-60,French,Los Angeles,Health,Winter,39,8967.521258667166,3.9942283255454556,0.0798167793911539,0.3303636743889936,5.537073449108722,0.3024551528619598
Increase Sales,Instagram,Men 35-44,French,Los Angeles,Food,Winter,35,8942.294064226142,4.006344175408568,0.07955046311930565,0.33036449838447224,5.524534395011631,0.3024375412876983
Increase Sales,Twitter,Men 45-60,French,Los Angeles,Technology,Winter,42,8026.786668561205,4.00639521187621,0.08108004649510449,0.32953239681912894,5.432314294113235,0.30241860256021624
Increase Sales,Instagram,Women 25-34,Spanish,Miami,Food,Winter,26,8924.521272935024,3.978513171486536,0.08001998881081501,0.3303631187393937,5.5669197312873075,0.30225100304188335
Increase Sales,Twitter,Men 18-24,English,Austin,Food,Winter,20,8929.150891736108,3.975927304261712,0.0802613439349906,0.3303599905003381,5.54272255923006,0.3020951979318353
Increase Sales,Instagram,Women 25-34,Spanish,Las Vegas,Food,Winter,33,7141.362849635926,4.047439845130346,0.08006605031233995,0.32841155375190784,5.54237883774146,0.30208713677475274
Increase Sales,Instagram,Women 25-34,Spanish,Las Vegas,Home,Winter,33,6626.488416599148,4.0663032608816065,0.0801202773516621,0.3277572436672056,5.545653520569746,0.3020422230937267
Increase Sales,Instagram,All Ages,English,Los Angeles,Home,Winter,32,8939.051740265862,3.970819403365507,0.08031099407914578,0.3303652111857558,5.550228891047319,0.30185628446177204
Increase Sales,Twitter,Men 45-60,Spanish,Miami,Technology,Winter,26,8494.208707506445,3.9901830826627527,0.08090311146339015,0.3299731814020352,5.446359885816903,0.3017163350069968
Increase Sales,Instagram,Women 35-44,Spanish,Las Vegas,Fashion,Winter,16,7380.525684374541,4.016024048856683,0.08078456945210412,0.32874466050841017,5.518513272182733,0.3016637952146905
Increase Sales,Twitter,Men 45-60,French,Los Angeles,Health,Winter,42,8977.91624539558,3.9582298046619493,0.08120630689683105,0.33036466753836113,5.47846443795403,0.3016538523434452
Increase Sales,Instagram,Women 45-60,Spanish,Las Vegas,Home,Winter,22,7377.773988893445,4.017146333430549,0.0807029378786611,0.3287432484937088,5.524485443786734,0.3016415109792137
Increase Sales,Instagram,Women 25-34,Spanish,Las Vegas,Fashion,Winter,27,7015.990747901215,4.048786070886396,0.08006605031233995,0.32832661493818993,5.537836069008744,0.30160007718522464
Increase Sales,Twitter,Men 45-60,Spanish,Las Vegas,Technology,Winter,31,8987.205302056456,3.9610890637944545,0.08090311146339015,0.33035996267217055,5.505964297497563,0.3015880615741769
Increase Sales,Instagram,Men 18-24,Spanish,Las Vegas,Home,Winter,30,6475.581942133594,4.036012372383778,0.08115807563792059,0.32775657359145133,5.517133256443107,0.30153844044074934
Increase Sales,Instagram,Women 25-34,English,New York,Food,Winter,38,7483.451233730717,3.999771484600118,0.08076405204155182,0.3290151311760244,5.545014784795145,0.3014736645981591
Increase Sales,Twitter,Men 45-60,English,Miami,Technology,Winter,25,8611.85535622848,3.9764467522347666,0.08090311146339015,0.33016565578196155,5.469047705799112,0.3014563637674824
Increase Sales,Instagram,Men 45-60,Spanish,New York,Health,Winter,33,8950.683124852756,3.980216674408928,0.07989753442672792,0.33036465502669893,5.559078008540364,0.30144424732718944
Increase Sales,Twitter,Men 45-60,Spanish,Austin,Technology,Winter,31,8985.6511689273,3.9610890637944545,0.08090311146339015,0.33036116178494174,5.500024858790031,0.301312812792023
Increase Sales,Instagram,Men 25-34,French,New York,Health,Winter,41,7194.230659900036,4.031304985375656,0.08042567960564251,0.328707424436497,5.502376327994605,0.30125154811714056
Increase Sales,Instagram,Women 35-44,Spanish,Miami,Health,Winter,28,8940.7184561313,3.9908464187966115,0.07966150788615671,0.33036388023022023,5.542847506193918,0.3011562666676512
Increase Sales,Instagram,Women 25-34,Spanish,Las Vegas,Home,Winter,19,6809.098568454614,4.048786070886396,0.08024529012304611,0.3280054454329237,5.545653520569746,0.30112128233419216
Increase Sales,Instagram,Women 45-60,English,Los Angeles,Home,Winter,15,8936.178119365995,3.9719416879393727,0.0801611362279747,0.33036300295125487,5.548383611090318,0.3010369191680268
Increase Sales,Instagram,Women 25-34,English,New York,Food,Winter,37,4974.852367625697,4.112998251593173,0.08036940790336694,0.32440323380029656,5.74100059832634,0.3009893048609263
Increase Sales,Twitter,All Ages,English,Los Angeles,Health,Winter,42,8980.984632180023,3.9634679149501744,0.08070883299486666,0.3303636161481172,5.505283424407338,0.3008157801398716
Increase Sales,Twitter,Men 25-34,French,New York,Technology,Winter,30,6146.1708686724705,4.087533322770037,0.08074086109668059,0.3271272505380461,5.438195758837733,0.30079958519413885
Increase Sales,Instagram,Men 45-60,Spanish,Austin,Home,Winter,16,8972.550869733077,3.961554458903254,0.08002191739758176,0.3303639835889602,5.600787128047025,0.3007793746310323
Increase Sales,Instagram,Men 25-34,Spanish,New York,Food,Winter,15,4765.398915065714,4.02000034077966,0.08549095437264094,0.32384840965120276,5.501261191895637,0.30076229811550237
Increase Sales,Instagram,Men 18-24,French,New York,Technology,Winter,15,5940.553258788119,4.048252774499609,0.08198975408509457,0.3266857459198177,5.482910225537217,0.30075362421269614
Increase Sales,Twitter,Men 45-60,French,Austin,Technology,Winter,24,8934.219464017813,3.960305378169485,0.08091939301077894,0.33036116178494174,5.489150869527495,0.30075258215232425
Increase Sales,Twitter,Men 45-60,English,Austin,Technology,Winter,23,8480.208549396299,3.978863583337088,0.08090311146339015,0.3299722920881128,5.469047705799112,0.30072111414373043
Increase Sales,Twitter,Men 45-60,English,Austin,Technology,Winter,40,8484.319389534037,3.978863583337088,0.08090311146339015,0.3299722920881128,5.469047705799112,0.30072111414373043
Increase Sales,Twitter,Men 45-60,English,Austin,Technology,Winter,29,8342.689805261753,3.978863583337088,0.08090311146339015,0.3298999900843234,5.476988408827984,0.30065875560570987
Increase Sales,Instagram,Men 25-34,French,Austin,Health,Winter,18,5375.027448453856,4.129900835725527,0.08045147273242194,0.32568708900115545,5.492634103767549,0.3005843423583186
Increase Sales,Twitter,Men 45-60,Spanish,Los Angeles,Technology,Winter,19,8739.403964956544,3.962175888752781,0.08141312344627746,0.3301641826294792,5.4344962705883795,0.30033736822405155
Increase Sales,Instagram,Men 35-44,English,Los Angeles,Food,Winter,44,8922.452114023017,3.9768005048638733,0.07992376533429155,0.33036449838447224,5.544695023014589,0.3002962397714393
Increase Sales,Twitter,Men 45-60,Spanish,Los Angeles,Fashion,Winter,44,8911.593302787049,3.951004937590139,0.08111109515775237,0.3303547676810073,5.489338427216566,0.3002036373610686
Increase Sales,Instagram,Women 45-60,English,Austin,Home,Winter,35,8964.852155079745,3.9773839993603155,0.07965112424508738,0.33036300295125487,5.574221737746259,0.3001186640738538
Increase Sales,Instagram,Women 25-34,English,Austin,Food,Winter,38,8918.81690709338,3.9681371361908644,0.07979905350949172,0.33036222942547133,5.589855946496542,0.3000788582099062
Increase Sales,Instagram,Women 25-34,English,Austin,Food,Winter,28,8920.568847715873,3.9681371361908644,0.07979905350949172,0.33036222942547133,5.589855946496542,0.3000788582099062
Increase Sales,Twitter,Men 45-60,Spanish,Los Angeles,Food,Winter,43,8913.072140392218,3.9496587118340885,0.08111109515775237,0.3303547676810073,5.491622010744838,0.3000661930829261
Increase Sales,Instagram,Men 25-34,English,Los Angeles,Health,Winter,17,8945.05560959501,3.966030880756816,0.08020997607855916,0.33036588262349453,5.541333331508356,0.2999395199543993
Increase Sales,Twitter,Men 45-60,English,Los Angeles,Food,Winter,37,8512.435572574981,3.970698630043225,0.08102712288173068,0.32997225802641333,5.462904042958363,0.299700207615273
Increase Sales,Instagram,Men 45-60,Spanish,Los Angeles,Food,Winter,24,8962.628525277945,3.9510054826977794,0.08035268956976291,0.33036625702421907,5.569415133358354,0.2994104541391104
Increase Sales,Instagram,Women 45-60,English,Miami,Home,Winter,43,8970.854600668337,3.9733974644944654,0.07965112424508738,0.33036320019095955,5.573973342519235,0.2993793461230126
Increase Sales,Instagram,Women 45-60,French,Los Angeles,Health,Winter,40,5374.770627991882,4.124458524304586,0.07993101565937677,0.3256873303854192,5.548507596380763,0.2990424212668155
Increase Sales,Twitter,Men 45-60,French,Los Angeles,Food,Winter,42,8981.03134844502,3.953486650631673,0.08090613996932534,0.33036399054884175,5.480748021482302,0.29904201141272785
Increase Sales,Twitter,Men 45-60,Spanish,Los Angeles,Technology,Winter,20,7843.756403111676,3.989085216557319,0.0810637649477157,0.3294123948254115,5.443188283375771,0.2989410099664417
Increase Sales,Instagram,Men 45-60,Spanish,Los Angeles,Health,Winter,15,8937.08916111258,3.95235170845383,0.08026796326532562,0.33036693401373846,5.564665705090976,0.29891271103850614
Increase Sales,Twitter,Men 45-60,English,Los Angeles,Technology,Winter,34,8003.635019570232,3.9781977670875706,0.0810637649477157,0.32953239681912894,5.465876103357981,0.2987606413735387
Increase Sales,Instagram,Men 45-60,French,New York,Technology,Winter,43,7489.038749841588,4.000162937971785,0.08038995367216406,0.3290160469664556,5.533244826476958,0.29868603391557264
Increase Sales,Instagram,Men 45-60,French,New York,Technology,Winter,17,7488.22013999351,4.000162937971785,0.08038995367216406,0.3290160469664556,5.533244826476958,0.29868603391557264
Increase Sales,Instagram,Men 25-34,French,New York,Food,Winter,38,6202.938110061907,4.070984052108983,0.08035197274887299,0.32712975762324764,5.505582838848363,0.2985995273674221
Increase Sales,Instagram,Men 18-24,English,New York,Health,Winter,44,6207.180461599844,4.045584292587427,0.08100595037489597,0.32713183300958454,5.515756703883546,0.29848250264257836
Increase Sales,Instagram,Men 25-34,Spanish,New York,Home,Winter,45,6467.064265993714,4.037796091544591,0.0806258266404947,0.32774774043768307,5.511629147713977,0.29826965960419005
Increase Sales,Twitter,Men 45-60,Spanish,Miami,Technology,Winter,22,8982.057762361312,3.94342743270651,0.08090311146339015,0.3303613590246464,5.500024858790031,0.2980856291037284
Increase Sales,Twitter,Men 45-60,English,Miami,Fashion,Winter,36,6691.67945259673,4.0364219810103315,0.08052213190500598,0.3279898129146968,5.493640426156832,0.29799738393876163
Increase Sales,Instagram,Men 18-24,Spanish,Miami,Health,Winter,25,6141.634933406799,4.071474415855853,0.08030318667168852,0.32713272232350693,5.494196565635895,0.2978649716384228
Increase Sales,Instagram,Men 45-60,English,New York,Home,Winter,20,8946.69931422083,3.948637950633585,0.07976105980764675,0.3303639835889602,5.622098871067651,0.2978250255409487
Increase Sales,Instagram,Men 45-60,English,New York,Home,Winter,27,8932.308622967474,3.948637950633585,0.07976105980764675,0.3303639835889602,5.622098871067651,0.2978250255409487
Increase Sales,Instagram,Men 45-60,French,Miami,Home,Winter,43,8917.797128897906,3.9620414618317756,0.0796093678119577,0.33036418082866487,5.586480428952301,0.2976472586241667
Increase Sales,Instagram,Women 25-34,English,Las Vegas,Fashion,Winter,25,6475.147764820564,4.027479840403049,0.08068975572704651,0.32775723811542495,5.5250136736532625,0.29747234984088383
Increase Sales,Instagram,Women 18-24,Spanish,Las Vegas,Home,Winter,38,6482.712221148518,4.023303368642201,0.08078426080243724,0.3277572488144522,5.526330723743735,0.29735390027920366
Increase Sales,Instagram,Women 35-44,English,Austin,Health,Winter,45,8921.979642772207,3.9714731921777586,0.07944057258483342,0.33036368299051555,5.565783721403152,0.29734373044005813
Increase Sales,Instagram,Men 45-60,English,Los Angeles,Home,Winter,19,8315.739548698079,3.9637681956062485,0.08022702180312409,0.32989884623759985,5.551912551429037,0.2972913135283321
Increase Sales,Instagram,Men 25-34,French,New York,Home,Winter,29,6179.966229385561,4.070984052108983,0.08017246731597165,0.3271297631750283,5.501040070115647,0.2972775100172063
Increase Sales,Twitter,Women 25-34,French,Miami,Food,Winter,30,4766.170587563174,3.8928890645183762,0.08895344656577613,0.32384754837040736,5.4677318465690945,0.2972598828925379
Increase Sales,Twitter,Men 18-24,French,New York,Home,Winter,23,6159.648707731094,4.062931287727233,0.08064127554394615,0.32712713064368637,5.467475313896664,0.29708114745853204
Increase Sales,Twitter,Men 18-24,French,Miami,Health,Winter,32,6200.240396675295,4.053040738552435,0.08088816894851468,0.32713076501516586,5.468851390858247,0.296881957189424
Increase Sales,Instagram,Women 18-24,French,New York,Fashion,Winter,37,6467.063615267883,4.038584305161174,0.08045250815615058,0.3277477348859024,5.50098859123346,0.29683969029204316
Increase Sales,Instagram,Men 35-44,French,Los Angeles,Health,Winter,19,6210.170866304204,4.053912774796827,0.08080619445983821,0.32712798405358406,5.475190283660145,0.296820929683032
Increase Sales,Twitter,Men 45-60,Spanish,Miami,Home,Winter,36,8971.997794916831,3.9416081078194924,0.08060108317486506,0.33036191435328754,5.517876025341971,0.29674484361721465
Increase Sales,Instagram,Men 45-60,English,New York,Food,Winter,27,8949.340859780832,3.943531285849053,0.07976132542984192,0.33036397803717954,5.616565003034921,0.29662992243536684
Increase Sales,Instagram,Men 18-24,English,New York,Food,Winter,40,6483.4414725127535,4.014983356836297,0.08091864067646751,0.3277470652146822,5.524101575234325,0.2964929692123369
Increase Sales,Instagram,Women 45-60,Spanish,Las Vegas,Home,Winter,30,5738.921335889739,4.0053521359507185,0.08022958708004786,0.3261652494570739,5.848388245371164,0.29628529161188394
Increase Sales,Instagram,Women 45-60,English,Miami,Health,Winter,38,8947.615730097095,3.9686089418857744,0.07933472519644019,0.3303638716286983,5.5636900462191266,0.2960695879684602
Increase Sales,Twitter,Men 45-60,Spanish,Austin,Health,Winter,34,4968.705489051151,4.16673955018302,0.08085956950074945,0.3244052881478331,5.363708931672283,0.2958968211928508
Increase Sales,Instagram,Women 25-34,English,New York,Food,Winter,23,6464.087414987886,4.007050804385642,0.08082933887133613,0.32774772973865585,5.545014784795145,0.29549169436110384
Increase Sales,Instagram,Women 18-24,English,New York,Health,Winter,28,6214.534766101499,4.039641570367615,0.08066796103564346,0.32713250268080474,5.517347116618355,0.29539358734437615
Increase Sales,Instagram,Men 25-34,Spanish,Austin,Fashion,Winter,38,6476.306543064443,4.0153734370104335,0.08066574892910641,0.3277477348859024,5.529047987319995,0.295245573938645
Increase Sales,Twitter,All Ages,French,New York,Health,Winter,36,6182.693980620481,4.057836227193527,0.08060252202272024,0.32713054537246367,5.451959717159065,0.2951937399304787
Increase Sales,Instagram,All Ages,Spanish,Los Angeles,Health,Winter,29,6393.603047744,4.01786105722126,0.08022057096331081,0.3273784347270212,5.620091459045734,0.2950406228488628
Increase Sales,Instagram,Men 25-34,English,New York,Food,Winter,37,6478.2764874461145,4.009040634616484,0.08081497576195354,0.3277477348859024,5.527079724730279,0.2949137589641297
Increase Sales,Twitter,Men 18-24,Spanish,New York,Health,Winter,21,6173.185252844247,4.056576549776187,0.08078849360774228,0.32712987570124347,5.4247801018006205,0.2948122147987958
Increase Sales,Instagram,Men 25-34,French,Miami,Fashion,Winter,41,5739.655091857424,4.020618181094056,0.07982652388462733,0.3261563834581828,5.80747651432002,0.29459228572002205
Increase Sales,Instagram,Men 45-60,French,Los Angeles,Food,Winter,31,8932.94613759183,3.9452099904386455,0.07971890324832302,0.33036625702421907,5.571942325337605,0.29456651388169525
Increase Sales,Instagram,Men 25-34,French,New York,Food,Winter,31,6386.109805345261,4.038584305161174,0.08035197274887299,0.3273795010471819,5.505582838848363,0.29419736381989153
Increase Sales,Twitter,Men 45-60,English,Miami,Health,Winter,44,8949.363664469074,3.924959000049133,0.08051635687042777,0.3303625857910263,5.537864373854717,0.2941344973727073
Increase Sales,Instagram,Men 18-24,Spanish,New York,Food,Winter,36,6044.026638439345,4.049148926389619,0.08095551140477922,0.32671322241847034,5.470027751128189,0.2940998084728394
Increase Sales,Twitter,Men 35-44,French,Las Vegas,Health,Winter,37,5738.945624873642,3.977020455555477,0.0803539902153205,0.3261583848460237,5.891799639844931,0.2938963348581051
Increase Sales,Twitter,Men 45-60,English,Miami,Fashion,Winter,20,8935.37637420706,3.9202158460188565,0.08060108317486506,0.3303619088015069,5.537864373854717,0.2937853757737179
Increase Sales,Twitter,Women 18-24,French,Los Angeles,Technology,Winter,34,4974.643865220216,4.07614558005629,0.08109217270688299,0.32439672151565263,5.6364772007524335,0.29369400236602805
Increase Sales,Instagram,Men 18-24,French,New York,Fashion,Winter,16,5945.278582546055,4.048074120726105,0.08069106103191463,0.3266956006343205,5.498061920619693,0.2935004089461176
Increase Sales,Twitter,Men 18-24,Spanish,Las Vegas,Home,Winter,27,6214.862259433772,4.0373619562854675,0.08070074178139991,0.3271366390204555,5.477581192443577,0.2933123135008931
Increase Sales,Twitter,Men 45-60,English,Miami,Food,Winter,23,8964.22562838221,3.9166260414745837,0.08060108317486506,0.3303619088015069,5.540147957382989,0.29323782585394653
Increase Sales,Instagram,Women 25-34,English,Las Vegas,Home,Winter,29,6036.135600465348,4.027881896795438,0.08076955907426421,0.3267234008709937,5.531494867335307,0.2920527647697505
Increase Sales,Instagram,Women 25-34,French,Las Vegas,Food,Winter,31,5741.874811383315,4.052505094715018,0.07989224557454999,0.32616499737378296,5.616820065597579,0.2918084609480051
Increase Sales,Instagram,Men 45-60,English,Austin,Food,Winter,26,7493.14786806559,3.948017959119436,0.08044715767332278,0.32901659674331607,5.574475995256692,0.2914716216600501
Increase Sales,Instagram,Women 25-34,English,Los Angeles,Food,Winter,16,6393.476495201957,3.978038981125189,0.08038212679611818,0.32737568452221755,5.669110689325777,0.29107204516542595
Increase Sales,Instagram,Women 25-34,French,New York,Food,Winter,23,6012.112491645259,4.040141568275448,0.08031705138773107,0.32671388694244397,5.523517898913229,0.2910684019838986
Increase Sales,Instagram,Women 25-34,French,New York,Food,Winter,37,5964.677876251968,4.040141568275448,0.08031705138773107,0.32671388694244397,5.523517898913229,0.2910684019838986
Increase Sales,Instagram,Women 25-34,Spanish,Las Vegas,Food,Winter,31,5823.997492997913,4.035645647650515,0.08040557829023592,0.3266214829816581,5.541042579862502,0.2910632118930551
Increase Sales,Twitter,All Ages,French,Miami,Home,Winter,24,4974.86840792405,4.078677415889703,0.08061014650763706,0.3244019775359339,5.627070997445123,0.2907715301924974
Increase Sales,Instagram,Men 45-60,English,Miami,Fashion,Winter,16,8983.873737408852,3.9184683222050984,0.0796217422855523,0.3303641752768842,5.60664105695526,0.29071776513155767
Increase Sales,Instagram,Men 18-24,English,Los Angeles,Fashion,Winter,39,5738.966484266298,3.9777330305365552,0.08025167718980183,0.32615101309532246,5.8318342039243145,0.29049871243914954
Increase Sales,Instagram,Men 45-60,English,New York,Food,Winter,22,7191.754834934515,3.970440613653591,0.0799278405371208,0.32870703513673677,5.573099918295108,0.290420935455592
Increase Sales,Instagram,Men 45-60,English,Las Vegas,Health,Winter,34,8980.32468306353,3.9224548570709485,0.07953701598111501,0.33036465502669893,5.583620875098967,0.2898322788953065
Increase Sales,Instagram,Women 18-24,English,Los Angeles,Fashion,Winter,17,6393.355094213046,3.9825218944174368,0.08019691036523341,0.3273756896694641,5.64524512376705,0.2896150608992031
Increase Sales,Instagram,All Ages,English,Austin,Food,Winter,42,6393.6966102500855,3.986617980082329,0.07979348072775154,0.3273795010471819,5.675626019155707,0.2893466954679907
Increase Sales,Instagram,All Ages,French,Las Vegas,Fashion,Winter,20,4974.79895727962,4.080988458818013,0.07986089925083713,0.32441274732431225,5.681516062355487,0.28923339472196097
Increase Sales,Instagram,Women 25-34,French,Las Vegas,Health,Winter,37,5690.317147675339,4.052505094715018,0.08022530748854573,0.32615823405457095,5.519059358276673,0.2891686868014587
Increase Sales,Instagram,Women 25-34,Spanish,Las Vegas,Fashion,Winter,17,5707.22951208411,4.036991873406565,0.08040557829023592,0.32616499737378296,5.552042381635113,0.2890538928116802
Increase Sales,Twitter,All Ages,French,Las Vegas,Fashion,Winter,20,4789.301112121246,3.905591121853881,0.08726676502987528,0.32407549623940224,5.430744359638801,0.28881793749035384
Increase Sales,Instagram,Women 25-34,English,New York,Fashion,Winter,42,6002.399422410257,4.008799086534081,0.08072990240784766,0.32671388694244397,5.539135758183472,0.28862585084160786
Increase Sales,Instagram,Men 25-34,French,Austin,Food,Winter,43,5740.367319710547,4.0129894601503455,0.08062785480719985,0.3261554941442604,5.606498756783286,0.28856865539066784
Increase Sales,Instagram,Men 45-60,English,New York,Home,Winter,40,6965.943283010048,3.9717868394096416,0.07992757491492564,0.3283223982163873,5.576374601123395,0.28847983466907795
Increase Sales,Instagram,Men 18-24,French,Austin,Home,Winter,39,5743.134039356883,4.0189321823701585,0.08044549502943972,0.32615482447304023,5.600591452108975,0.2882463042456817
Increase Sales,Instagram,Men 45-60,English,New York,Fashion,Winter,19,6991.4049590023915,3.9717868394096416,0.0799278405371208,0.3283247724172765,5.568557149562393,0.28812403542741777
Increase Sales,Instagram,Men 45-60,English,Los Angeles,Home,Winter,20,6486.675435331955,3.9512011932400637,0.08110301915824047,0.3277453894800104,5.551912551429037,0.28728295129772885
Increase Sales,Instagram,Men 45-60,French,New York,Home,Winter,16,5971.770280218794,4.010810697328921,0.0803607112774123,0.3267153580615163,5.547060263680477,0.28710487908675303
Increase Sales,Twitter,Men 45-60,French,Los Angeles,Technology,Winter,22,4973.216897273773,4.060407658908862,0.08160322808701369,0.32439818193569775,5.4880154753708155,0.2869122461915323
Increase Sales,Instagram,Men 45-60,English,New York,Health,Winter,44,6261.175045977134,3.9745224417518727,0.08067586624258881,0.3273135071160538,5.564755046944329,0.28689616957135267
Increase Sales,Instagram,Men 45-60,English,New York,Health,Winter,34,6268.788241196141,3.9745224417518727,0.08067586624258881,0.3273135071160538,5.564755046944329,0.28689616957135267
Increase Sales,Instagram,Women 45-60,French,Miami,Home,Winter,36,5742.108174453866,4.020618181094056,0.07996555304596148,0.3261566303942272,5.624363161807942,0.28673938318576014
Increase Sales,Instagram,Men 45-60,French,New York,Technology,Winter,38,5990.292754428481,4.010989351102425,0.0803558040384599,0.3267148027328752,5.531908568598,0.28638313260214004
Increase Sales,Instagram,Women 25-34,English,New York,Food,Winter,17,5901.382086654981,4.007452860778031,0.0804446797389562,0.326611974604889,5.543678526916188,0.2862182529095747
Increase Sales,Twitter,Men 35-44,English,Los Angeles,Fashion,Winter,32,4765.1897200261865,3.933153490432147,0.08595259844969629,0.32384495577856104,5.468137107130989,0.2861349237332584
Increase Sales,Instagram,Women 25-34,English,New York,Fashion,Winter,38,5523.938115121443,4.024313968423142,0.08015647248599839,0.3258216391567941,5.5937190749959775,0.2850942967091925
Increase Sales,Instagram,Men 45-60,English,New York,Home,Winter,42,6423.724642637178,3.9790661591951615,0.07993279824984599,0.32738096701900765,5.576374601123395,0.284112022796649
Increase Sales,Instagram,Men 45-60,English,Miami,Health,Winter,18,6487.162904081004,3.9526569697951563,0.0804277181986698,0.327752829677427,5.5584509422718975,0.28374480998453994
Increase Sales,Instagram,Men 45-60,English,Miami,Health,Winter,34,6473.890430818473,3.9526569697951563,0.0804277181986698,0.327752829677427,5.5584509422718975,0.28374480998453994
Increase Sales,Instagram,Men 45-60,English,New York,Fashion,Winter,29,6394.733267167435,3.9790661591951615,0.07993306387204116,0.327380961467227,5.568557149562393,0.28374173776177597
Increase Sales,Instagram,Women 25-34,English,Austin,Food,Winter,35,6038.53623189009,3.985030206243873,0.08059031926355804,0.32671388694244397,5.545054603877771,0.2837027045821402
Increase Sales,Twitter,Men 45-60,French,Miami,Fashion,Winter,41,5745.561511464843,3.991045003730437,0.08100295420167476,0.32615588656988687,5.532406425255136,0.28334612887859584
Increase Sales,Instagram,Women 18-24,Spanish,Los Angeles,Fashion,Winter,40,5025.388432073729,4.003063149746859,0.08051860745616499,0.3244072349976376,5.771617017778566,0.2832942282227177
Increase Sales,Instagram,Men 45-60,Spanish,Austin,Fashion,Winter,44,6013.482463102628,3.9840427926925632,0.08051348973518796,0.32671535250973566,5.545909148662809,0.2830984356200583
Increase Sales,Instagram,Men 45-60,Spanish,Austin,Fashion,Winter,40,6028.571343929101,3.9840427926925632,0.08051348973518796,0.32671535250973566,5.545909148662809,0.2830984356200583
Increase Sales,Instagram,Women 25-34,Spanish,Las Vegas,Food,Winter,25,5280.05834460176,4.039921257441464,0.0803822936515822,0.3251653194028898,5.540481204672997,0.2828107767527602
Increase Sales,Instagram,Men 45-60,French,Austin,Fashion,Winter,24,6005.358983545342,3.9883880427947638,0.08022139375531785,0.32671535250973566,5.54843634064206,0.2822133070387762
Increase Sales,Instagram,Women 45-60,French,New York,Fashion,Winter,39,5346.096746974332,4.001363994716587,0.0807122947630862,0.3256845853278621,5.5601350005424885,0.28189180522954893
Increase Sales,Twitter,All Ages,Spanish,New York,Technology,Winter,41,4978.6906684864325,4.02094740702166,0.08084986207832606,0.3244005328933704,5.614954336504308,0.28111071598871584
Increase Sales,Instagram,Women 25-34,Spanish,Las Vegas,Health,Winter,33,5086.033078323171,4.041267483197514,0.0802784751366994,0.32497773449180434,5.533472591201176,0.28094196341277466
Increase Sales,Instagram,Women 25-34,English,Austin,Home,Winter,45,5822.352173916965,3.9752427895068405,0.08048433640537275,0.32661198015666965,5.548329286706058,0.280796151752129
Increase Sales,Instagram,Men 45-60,Spanish,Austin,Food,Winter,20,5863.945719044314,3.9826965669365126,0.0802282670662965,0.3266134401721807,5.550451917395525,0.28069083768802505
Increase Sales,Twitter,Women 35-44,English,New York,Food,Winter,40,5745.433410053738,3.9721188018905624,0.08072883154365841,0.3261536161899799,5.562392103479576,0.27961034783509203
Increase Sales,Instagram,Men 18-24,Spanish,New York,Technology,Winter,38,5010.7900252487725,4.049755171782032,0.08065331514238729,0.32440982692727466,5.491431459228185,0.27934598002470834
Increase Sales,Twitter,Men 45-60,English,Miami,Technology,Winter,42,5749.003687662753,3.9531481637678865,0.08128870094281106,0.3261553367930264,5.550816539417405,0.27905188836525485
Increase Sales,Instagram,Women 35-44,Spanish,Austin,Food,Winter,35,4977.043414114492,4.007159235411751,0.08023594681790161,0.3244033183016037,5.700366058479703,0.2788881091114928
Increase Sales,Instagram,Men 45-60,English,Austin,Fashion,Winter,25,6017.104114452441,3.9570455610533943,0.08041300803961862,0.32671535250973566,5.568596968645019,0.278623807903498
Increase Sales,Instagram,Men 45-60,English,Austin,Food,Winter,37,6004.371677732028,3.9556993352973437,0.08041300803961862,0.32671535250973566,5.573139737377734,0.2785938364137609
Increase Sales,Instagram,Men 18-24,Spanish,New York,Fashion,Winter,23,4947.981137642775,4.036365343601849,0.08065848800353485,0.32440256927632294,5.5257174193989815,0.2785171683728467
Increase Sales,Twitter,Men 25-34,French,Los Angeles,Fashion,Winter,40,4972.237674312997,4.072601455008838,0.08111741421839226,0.3243972712925131,5.325255707135969,0.2783997622660703
Increase Sales,Instagram,Men 45-60,English,Los Angeles,Home,Winter,38,5976.776389244636,3.9516032496324516,0.08067755802977007,0.32671154668379854,5.55057629355008,0.2783784766577807
Increase Sales,Instagram,Men 35-44,French,Las Vegas,Food,Winter,17,4973.635508386246,4.030658947278807,0.0795261968203067,0.32441204007480934,5.686058831088203,0.27818329846951345
Increase Sales,Instagram,Women 25-34,Spanish,Las Vegas,Health,Winter,41,5037.998500178228,4.041267483197514,0.0802784751366994,0.32441378628566586,5.545217991256674,0.2780679002006191
Increase Sales,Instagram,All Ages,Spanish,Austin,Health,Winter,15,4980.416044183288,4.008505461167801,0.08010116391275998,0.32440598400510023,5.693357445007881,0.2779865966799158
Increase Sales,Instagram,Men 25-34,Spanish,New York,Fashion,Winter,33,4999.249504854395,4.029360934229702,0.0804265616650677,0.32441104637535534,5.549866598555765,0.27700832613853016
Increase Sales,Twitter,All Ages,English,New York,Fashion,Winter,43,3665.7144498127755,4.18737859466245,0.08050739654290819,0.31984787187289904,5.514777477208562,0.2769447929652576
Increase Sales,Instagram,All Ages,English,Austin,Home,Winter,23,4728.485055443532,3.9792182410985597,0.08260669714312338,0.3238434248459506,5.52324947476895,0.27655327573027
Increase Sales,Instagram,Women 25-34,Spanish,New York,Fashion,Winter,42,4994.696265114672,4.028547423095666,0.08046988959893628,0.32441104122810877,5.533789352238041,0.2763617202724693
Increase Sales,Instagram,Men 18-24,Spanish,Las Vegas,Fashion,Winter,25,5016.120873804999,4.0175257146483565,0.08051890485924523,0.32441988508090425,5.556684773484154,0.27579204179130007
Increase Sales,Instagram,Men 18-24,Spanish,Las Vegas,Home,Winter,32,4985.5220688671525,4.0175257146483565,0.0806981446699514,0.32441207765309205,5.533308302393659,0.27573677220735465
Increase Sales,Instagram,Men 25-34,English,Las Vegas,Fashion,Winter,29,4977.180531784255,3.9815082295286337,0.08029662220933559,0.32441274732431225,5.6979320584471775,0.27451477184760265
Increase Sales,Twitter,All Ages,English,Austin,Health,Winter,28,4978.94481346883,3.972416127342723,0.08054203364230102,0.324403827727788,5.684219674775546,0.2736582021485708
Increase Sales,Twitter,Women 45-60,French,Los Angeles,Technology,Winter,24,4979.634927551159,3.9701049066985257,0.08095022006265726,0.32440077427763414,5.632306264183968,0.27326241132455925
Increase Sales,Instagram,Men 25-34,Spanish,Los Angeles,Food,Winter,19,5005.526507001106,3.9937869923590408,0.08066049595318119,0.3244072349976376,5.5666421773321915,0.27272185917939007
Increase Sales,Twitter,Men 45-60,French,Miami,Home,Winter,23,3667.01726187,4.159526675417756,0.08070163080445579,0.31984975875750626,5.5000978626733295,0.27236356220300634
Increase Sales,Twitter,Women 45-60,English,Las Vegas,Fashion,Winter,15,3666.1575522636317,4.17114502897877,0.08018989360166376,0.3198844918393707,5.478480280648564,0.27051748717794716
Increase Sales,Twitter,Men 18-24,English,Austin,Technology,Winter,31,4988.926578749655,3.977832497767376,0.0810403630663436,0.3243998632221502,5.526954170956802,0.2702130202928784
Increase Sales,Instagram,Women 25-34,Spanish,New York,Fashion,Winter,29,3685.8674745895387,4.1532059040765725,0.08024383803730657,0.3198494597215008,5.5112855536233845,0.2689180862380878
Increase Sales,Instagram,Men 45-60,Spanish,Los Angeles,Home,Winter,44,5017.54915158444,3.9717424485694868,0.0807057524738165,0.32440870096946334,5.564527411296572,0.26887946799248663
Increase Sales,Instagram,Women 25-34,English,New York,Health,Winter,37,3681.2517334034546,4.137230645780118,0.08009152502378998,0.3198564868797714,5.561557275111457,0.267493820137531
Increase Sales,Twitter,Women 35-44,English,Los Angeles,Fashion,Winter,28,3782.5043947452605,3.9678154586357834,0.08416191996112884,0.32007492838342017,5.596446436439142,0.2645936547120863
Increase Sales,Twitter,Men 45-60,French,Austin,Technology,Winter,16,3661.711488289796,4.095382767194818,0.08100365909298088,0.31985033048350703,5.489434875451005,0.2619956860233555
Increase Sales,Instagram,Women 35-44,Spanish,Las Vegas,Home,Winter,41,4103.355563966182,4.00668075598439,0.08169530535272097,0.32146022561371135,5.522064032489217,0.26139486034837056
Increase Sales,Instagram,Women 18-24,English,New York,Home,Winter,23,4108.993461627952,4.005363458140069,0.08139171695082759,0.3214506378828817,5.524699979542903,0.2593506764806493
Increase Sales,Twitter,Men 45-60,Spanish,Los Angeles,Fashion,Winter,41,3848.1872108541056,3.9699846845299964,0.0810588666894701,0.32047340502306043,5.7634876962540735,0.2562440194395844
Increase Sales,Instagram,Men 45-60,Spanish,Las Vegas,Health,Winter,28,4112.1374057213925,3.975360054807019,0.08130895501330057,0.3214563857761266,5.546452309255675,0.25442620607920446
Increase Sales,Twitter,Men 18-24,English,New York,Home,Winter,26,3882.1092239912596,3.993621943497298,0.08065797524231401,0.3204735383420895,5.655042101921819,0.2529366687896419
Increase Sales,Twitter,Men 18-24,English,Austin,Health,Winter,16,3877.163317472009,3.9771137549258593,0.08064606621297847,0.32047053605322695,5.655615181177048,0.24985473787973966
Increase Sales,Twitter,Women 18-24,English,New York,Technology,Winter,21,2955.152138036045,4.17119070125509,0.08079489838212416,0.31539817934992465,5.492564323505757,0.24761467496583203
Increase Sales,Instagram,All Ages,English,New York,Fashion,Winter,24,2955.0409649492203,4.177366830944527,0.08014503819017096,0.31536358029018713,5.537638864404223,0.24667343780255452
Increase Sales,Instagram,All Ages,English,New York,Technology,Winter,23,2954.6196747820923,4.17754548471803,0.0800633879803818,0.31536303051332665,5.522487169321747,0.24547890656801521
Increase Sales,Instagram,Women 45-60,Spanish,Miami,Home,Winter,37,2249.8321743977235,4.022379649755157,0.08848919555518389,0.3087398292646228,5.474164023656332,0.2264130804013343
Increase Sales,Twitter,Women 45-60,English,Miami,Fashion,Winter,38,2250.601680032933,3.9904076408220317,0.08930730481149454,0.30872310958663685,5.46805276785976,0.2252168198224666
Increase Sales,Instagram,Women 18-24,Spanish,Miami,Fashion,Winter,15,2492.3769713532506,4.053736163433964,0.08004832924977062,0.31164584211045043,6.002791794194092,0.2229768235887042
Increase Sales,Twitter,Women 45-60,Spanish,New York,Health,Winter,19,2492.213505241626,4.059570888542525,0.08027537274351033,0.31166468452389984,5.920852666247744,0.22165891782932928
Increase Sales,Twitter,Men 18-24,English,Austin,Health,Winter,37,2514.2394336228103,4.026790929306491,0.0825566006059079,0.3118861877658973,5.587018462325837,0.21518916278523134
Increase Sales,Instagram,Men 18-24,Spanish,Las Vegas,Food,Winter,41,2510.103561975523,4.0602226613293695,0.08158343724983282,0.3116869040577888,5.6017715493657665,0.2147932191945301
Increase Sales,Twitter,Men 18-24,Spanish,Miami,Fashion,Winter,21,2514.6131998651827,4.028145373113515,0.0827394033578629,0.31189093871496393,5.548509681575478,0.21476000233690867
Increase Sales,Instagram,Men 18-24,Spanish,Los Angeles,Fashion,Winter,26,2515.8659374301287,4.056126575664479,0.08113602316859068,0.31189962756020406,5.565549503542802,0.21085967727478
Increase Sales,Instagram,Men 18-24,Spanish,Miami,Technology,Winter,39,2505.720323695433,4.048129409155681,0.08166040408105692,0.3116550015400236,5.556901964574407,0.2107281748130809
Increase Sales,Twitter,Men 18-24,French,Los Angeles,Fashion,Winter,32,2502.052626982514,4.031830988750553,0.0820211184744663,0.31163081190971365,5.563403669119888,0.2101334092950622
Increase Sales,Instagram,Men 18-24,French,Las Vegas,Home,Winter,38,2525.0169473091046,4.040770123248255,0.08140551687537524,0.31193900558207394,5.567401997665284,0.21004085100427655
Increase Sales,Instagram,Men 18-24,English,Las Vegas,Fashion,Winter,31,2519.699247266469,4.032073734732245,0.081510601161269,0.31193900558207394,5.584406385277569,0.2099075860700691
Increase Sales,Twitter,Women 18-24,French,New York,Health,Winter,20,2512.760485400661,4.0514648108417655,0.0816792744230879,0.3119157327258654,5.482405833698341,0.2094973226352337
Increase Sales,Twitter,All Ages,Spanish,New York,Fashion,Winter,23,2501.9165605681437,4.052544420077784,0.0816517827167637,0.3116641682473995,5.447978073899264,0.2063562093076713
Increase Sales,Twitter,Men 18-24,French,New York,Health,Winter,30,2461.3775939674833,4.063908312449674,0.0815161546147132,0.31110493649592963,5.484721335358504,0.20594164257513478
Increase Sales,Twitter,Men 18-24,Spanish,New York,Health,Winter,29,2464.8590492323947,4.076497357237734,0.08146475187972724,0.31110493649592963,5.426774120445817,0.20516947403144753
Increase Sales,Twitter,Men 18-24,Spanish,New York,Fashion,Winter,24,2443.6304144195683,4.07244290947653,0.08151658319767449,0.31110547354174883,5.426774120445817,0.2047509633836259
Increase Sales,Twitter,Men 18-24,Spanish,New York,Food,Winter,21,2468.81338890774,4.070407977451408,0.08129027211077501,0.31110547354174883,5.431316889178532,0.20320078505089897
Increase Sales,Twitter,Men 18-24,Spanish,Las Vegas,Technology,Winter,41,2433.8650030016784,4.07303290064993,0.08149341402717304,0.3105692737716768,5.461724044536833,0.20311477946411569
Increase Sales,Twitter,Women 18-24,Spanish,New York,Health,Winter,35,2481.734977182985,4.068352718477684,0.0811334301431298,0.31109522728949596,5.4347779788218284,0.20196106795670676
Increase Sales,Twitter,Men 45-60,Spanish,Las Vegas,Technology,Winter,20,2417.227297463633,4.049150340742454,0.08198447624801235,0.3105428840957976,5.463734368444874,0.20170973084562438
Increase Sales,Instagram,Men 18-24,Spanish,Las Vegas,Home,Winter,30,2392.5983878539164,4.080097627992425,0.08055889079707422,0.3105865376747426,5.5026407318449735,0.2007000417093025
Increase Sales,Twitter,Men 45-60,French,New York,Technology,Winter,21,2378.4306207781046,4.050643138798893,0.08204763112739161,0.3101880748890413,5.460796866329867,0.20007220149804306
Increase Sales,Twitter,Men 18-24,French,New York,Technology,Winter,25,2329.131285332889,4.067759417184606,0.08152074341032146,0.3100693584915136,5.469569640276028,0.19964940532089961
